06-csv	sonnet	a212aa5bb3e05ad1c
06-csv	opus	acda0c281117bfdd2
01-duration	sonnet	a0481bae73df99016
01-duration	opus	a0edfcc2456136bd9
02-lru	sonnet	a0fb1284bdc1eba67
02-lru	opus	a714b732c2e0fcdfd
03-semver	sonnet	a54bcc791392ca039
03-semver	opus	a77862bf8a7113dd5
04-rle	sonnet	afd23332b147eb72d
04-rle	opus	a981236e2bbe5de32
05-intervals	sonnet	a886493f05989a1bc
05-intervals	opus	a926cf9f07638a4a6
07-roman	sonnet	a96ac5459aedf8b4d
07-roman	opus	ab3aea430287619f5
08-bucket	sonnet	ac725766397b030de
08-bucket	opus	a7144251473dab31f
09-dictdiff	sonnet	a3c6c83349e5800a7
09-dictdiff	opus	a62fa869356a48b10
10-ini	sonnet	a82a01ca461108338
10-ini	opus	a660fb92ed58770d4
